prefix,family,n_features,avg_missing_rate
P,Payment,3,0.020939472602517255
B,Balance,40,0.08747372976819283
S,Spend,21,0.05533043164055352
R,Risk,28,0.06630848630081743
D,Delinquency,96,0.2343796486069689
