target,count,pct
0,340085,0.7410663894899469
1,118828,0.2589336105100531
